Ticker,Company Name,Sector,Home Country,Data Source,Data Quality,Has Geographic Data,Notes
"MSFT","Microsoft Corporation","Technology","United States","SEC_EDGAR","A","true","Extracted from SEC 10-K filings"
"GOOGL","Alphabet Inc. Class A","Technology","United States","FALLBACK_TEMPLATE","C","false","Using sector-based fallback template"
"AMZN","Amazon.com Inc","Consumer Discretionary","United States","FALLBACK_TEMPLATE","C","false","Using sector-based fallback template"
"TSLA","Tesla Inc","Consumer Discretionary","United States","SEC_EDGAR","A","true","Extracted from SEC 10-K filings"
"META","Meta Platforms Inc","Technology","United States","FALLBACK_TEMPLATE","C","false","Using sector-based fallback template"
"ZM","Zoom Video Communications Inc","Technology","United States","FALLBACK_TEMPLATE","C","false","Using sector-based fallback template"
"DOCU","DocuSign Inc","Technology","United States","FALLBACK_TEMPLATE","C","false","Using sector-based fallback template"
"OKTA","Okta Inc","Technology","United States","FALLBACK_TEMPLATE","C","false","Using sector-based fallback template"
"CRWD","CrowdStrike Holdings Inc","Technology","United States","FALLBACK_TEMPLATE","C","false","Using sector-based fallback template"
"DDOG","Datadog Inc","Technology","United States","FALLBACK_TEMPLATE","C","false","Using sector-based fallback template"
"SNOW","Snowflake Inc","Technology","United States","FALLBACK_TEMPLATE","C","false","Using sector-based fallback template"
"SFIX","Stitch Fix Inc","Consumer Discretionary","United States","FALLBACK_TEMPLATE","C","false","Using sector-based fallback template"
"ROKU","Roku Inc","Technology","United States","FALLBACK_TEMPLATE","C","false","Using sector-based fallback template"
"MRNA","Moderna Inc","Healthcare","United States","FALLBACK_TEMPLATE","C","false","Using sector-based fallback template"
"BNTX","BioNTech SE","Healthcare","United States","FALLBACK_TEMPLATE","C","false","Using sector-based fallback template"
"GILD","Gilead Sciences Inc","Healthcare","United States","FALLBACK_TEMPLATE","C","false","Using sector-based fallback template"
"AAPL","Apple Inc.","Technology","United States","SEC_EDGAR","A","true","Extracted from SEC 10-K filings"
"NVDA","NVIDIA Corporation","Technology","United States","FALLBACK_TEMPLATE","C","false","Using sector-based fallback template"
"GOOG","Alphabet Inc. Class C","Technology","United States","FALLBACK_TEMPLATE","C","false","Using sector-based fallback template"
"AVGO","Broadcom Inc.","Technology","United States","FALLBACK_TEMPLATE","C","false","Using sector-based fallback template"
"ORCL","Oracle Corporation","Technology","United States","FALLBACK_TEMPLATE","C","false","Using sector-based fallback template"
"CRM","Salesforce Inc.","Technology","United States","FALLBACK_TEMPLATE","C","false","Using sector-based fallback template"
"ADBE","Adobe Inc.","Technology","United States","FALLBACK_TEMPLATE","C","false","Using sector-based fallback template"
"ACN","Accenture plc","Technology","United States","FALLBACK_TEMPLATE","C","false","Using sector-based fallback template"
"AMD","Advanced Micro Devices Inc.","Technology","United States","FALLBACK_TEMPLATE","C","false","Using sector-based fallback template"
"CSCO","Cisco Systems Inc.","Technology","United States","FALLBACK_TEMPLATE","C","false","Using sector-based fallback template"
"INTC","Intel Corporation","Technology","United States","FALLBACK_TEMPLATE","C","false","Using sector-based fallback template"
"IBM","International Business Machines Corporation","Technology","United States","FALLBACK_TEMPLATE","C","false","Using sector-based fallback template"
"TXN","Texas Instruments Incorporated","Technology","United States","FALLBACK_TEMPLATE","C","false","Using sector-based fallback template"
"QCOM","QUALCOMM Incorporated","Technology","United States","FALLBACK_TEMPLATE","C","false","Using sector-based fallback template"
"INTU","Intuit Inc.","Technology","United States","FALLBACK_TEMPLATE","C","false","Using sector-based fallback template"
"NOW","ServiceNow Inc.","Technology","United States","FALLBACK_TEMPLATE","C","false","Using sector-based fallback template"
"AMAT","Applied Materials Inc.","Technology","United States","FALLBACK_TEMPLATE","C","false","Using sector-based fallback template"
"MU","Micron Technology Inc.","Technology","United States","FALLBACK_TEMPLATE","C","false","Using sector-based fallback template"
"LRCX","Lam Research Corporation","Technology","United States","FALLBACK_TEMPLATE","C","false","Using sector-based fallback template"
"PANW","Palo Alto Networks Inc.","Technology","United States","FALLBACK_TEMPLATE","C","false","Using sector-based fallback template"
"ADI","Analog Devices Inc.","Technology","United States","FALLBACK_TEMPLATE","C","false","Using sector-based fallback template"
"KLAC","KLA Corporation","Technology","United States","FALLBACK_TEMPLATE","C","false","Using sector-based fallback template"
"SNPS","Synopsys Inc.","Technology","United States","FALLBACK_TEMPLATE","C","false","Using sector-based fallback template"
"CDNS","Cadence Design Systems Inc.","Technology","United States","FALLBACK_TEMPLATE","C","false","Using sector-based fallback template"
"WDAY","Workday Inc.","Technology","United States","FALLBACK_TEMPLATE","C","false","Using sector-based fallback template"
"APH","Amphenol Corporation","Technology","United States","FALLBACK_TEMPLATE","C","false","Using sector-based fallback template"
"ADSK","Autodesk Inc.","Technology","United States","FALLBACK_TEMPLATE","C","false","Using sector-based fallback template"
"NXPI","NXP Semiconductors N.V.","Technology","United States","FALLBACK_TEMPLATE","C","false","Using sector-based fallback template"
"MCHP","Microchip Technology Incorporated","Technology","United States","FALLBACK_TEMPLATE","C","false","Using sector-based fallback template"
"FTNT","Fortinet Inc.","Technology","United States","FALLBACK_TEMPLATE","C","false","Using sector-based fallback template"
"CTSH","Cognizant Technology Solutions Corporation","Technology","United States","FALLBACK_TEMPLATE","C","false","Using sector-based fallback template"
"ZS","Zscaler Inc.","Technology","United States","FALLBACK_TEMPLATE","C","false","Using sector-based fallback template"
"ANSS","ANSYS Inc.","Technology","United States","FALLBACK_TEMPLATE","C","false","Using sector-based fallback template"
"KEYS","Keysight Technologies Inc.","Technology","United States","FALLBACK_TEMPLATE","C","false","Using sector-based fallback template"
"MSI","Motorola Solutions Inc.","Technology","United States","FALLBACK_TEMPLATE","C","false","Using sector-based fallback template"
"ON","ON Semiconductor Corporation","Technology","United States","FALLBACK_TEMPLATE","C","false","Using sector-based fallback template"
"MPWR","Monolithic Power Systems Inc.","Technology","United States","FALLBACK_TEMPLATE","C","false","Using sector-based fallback template"
"TYL","Tyler Technologies Inc.","Technology","United States","FALLBACK_TEMPLATE","C","false","Using sector-based fallback template"
"GDDY","GoDaddy Inc.","Technology","United States","FALLBACK_TEMPLATE","C","false","Using sector-based fallback template"
"GEN","Gen Digital Inc.","Technology","United States","FALLBACK_TEMPLATE","C","false","Using sector-based fallback template"
"NTAP","NetApp Inc.","Technology","United States","FALLBACK_TEMPLATE","C","false","Using sector-based fallback template"
"AKAM","Akamai Technologies Inc.","Technology","United States","FALLBACK_TEMPLATE","C","false","Using sector-based fallback template"
"JNPR","Juniper Networks Inc.","Technology","United States","FALLBACK_TEMPLATE","C","false","Using sector-based fallback template"
"FFIV","F5 Inc.","Technology","United States","FALLBACK_TEMPLATE","C","false","Using sector-based fallback template"
"ENPH","Enphase Energy Inc.","Technology","United States","FALLBACK_TEMPLATE","C","false","Using sector-based fallback template"
"SMCI","Super Micro Computer Inc.","Technology","United States","FALLBACK_TEMPLATE","C","false","Using sector-based fallback template"
"ZBRA","Zebra Technologies Corporation","Technology","United States","FALLBACK_TEMPLATE","C","false","Using sector-based fallback template"
"TRMB","Trimble Inc.","Technology","United States","FALLBACK_TEMPLATE","C","false","Using sector-based fallback template"
"VRSN","VeriSign Inc.","Technology","United States","FALLBACK_TEMPLATE","C","false","Using sector-based fallback template"
"JKHY","Jack Henry & Associates Inc.","Technology","United States","FALLBACK_TEMPLATE","C","false","Using sector-based fallback template"
"EPAM","EPAM Systems Inc.","Technology","United States","FALLBACK_TEMPLATE","C","false","Using sector-based fallback template"
"PTC","PTC Inc.","Technology","United States","FALLBACK_TEMPLATE","C","false","Using sector-based fallback template"
"FSLR","First Solar Inc.","Technology","United States","FALLBACK_TEMPLATE","C","false","Using sector-based fallback template"
"TER","Teradyne Inc.","Technology","United States","FALLBACK_TEMPLATE","C","false","Using sector-based fallback template"
"GLW","Corning Incorporated","Technology","United States","FALLBACK_TEMPLATE","C","false","Using sector-based fallback template"
"HPQ","HP Inc.","Technology","United States","FALLBACK_TEMPLATE","C","false","Using sector-based fallback template"
"HPE","Hewlett Packard Enterprise Company","Technology","United States","FALLBACK_TEMPLATE","C","false","Using sector-based fallback template"
"DELL","Dell Technologies Inc.","Technology","United States","FALLBACK_TEMPLATE","C","false","Using sector-based fallback template"
"WDC","Western Digital Corporation","Technology","United States","FALLBACK_TEMPLATE","C","false","Using sector-based fallback template"
"STX","Seagate Technology Holdings plc","Technology","United States","FALLBACK_TEMPLATE","C","false","Using sector-based fallback template"
"NTCT","NetScout Systems Inc.","Technology","United States","FALLBACK_TEMPLATE","C","false","Using sector-based fallback template"
"CIEN","Ciena Corporation","Technology","United States","FALLBACK_TEMPLATE","C","false","Using sector-based fallback template"
"ANET","Arista Networks Inc.","Technology","United States","FALLBACK_TEMPLATE","C","false","Using sector-based fallback template"
"ROP","Roper Technologies Inc.","Technology","United States","FALLBACK_TEMPLATE","C","false","Using sector-based fallback template"
"FICO","Fair Isaac Corporation","Technology","United States","FALLBACK_TEMPLATE","C","false","Using sector-based fallback template"
"PLTR","Palantir Technologies Inc.","Technology","United States","FALLBACK_TEMPLATE","C","false","Using sector-based fallback template"
"APP","AppLovin Corporation","Technology","United States","FALLBACK_TEMPLATE","C","false","Using sector-based fallback template"
"MRVL","Marvell Technology Inc.","Technology","United States","FALLBACK_TEMPLATE","C","false","Using sector-based fallback template"
"SWKS","Skyworks Solutions Inc.","Technology","United States","FALLBACK_TEMPLATE","C","false","Using sector-based fallback template"
"LLY","Eli Lilly and Company","Healthcare","United States","FALLBACK_TEMPLATE","C","false","Using sector-based fallback template"
"UNH","UnitedHealth Group Incorporated","Healthcare","United States","FALLBACK_TEMPLATE","C","false","Using sector-based fallback template"
"JNJ","Johnson & Johnson","Healthcare","United States","FALLBACK_TEMPLATE","C","false","Using sector-based fallback template"
"ABBV","AbbVie Inc.","Healthcare","United States","FALLBACK_TEMPLATE","C","false","Using sector-based fallback template"
"MRK","Merck & Co. Inc.","Healthcare","United States","FALLBACK_TEMPLATE","C","false","Using sector-based fallback template"
"TMO","Thermo Fisher Scientific Inc.","Healthcare","United States","FALLBACK_TEMPLATE","C","false","Using sector-based fallback template"
"ABT","Abbott Laboratories","Healthcare","United States","FALLBACK_TEMPLATE","C","false","Using sector-based fallback template"
"DHR","Danaher Corporation","Healthcare","United States","FALLBACK_TEMPLATE","C","false","Using sector-based fallback template"
"PFE","Pfizer Inc.","Healthcare","United States","FALLBACK_TEMPLATE","C","false","Using sector-based fallback template"
"AMGN","Amgen Inc.","Healthcare","United States","FALLBACK_TEMPLATE","C","false","Using sector-based fallback template"
"ISRG","Intuitive Surgical Inc.","Healthcare","United States","FALLBACK_TEMPLATE","C","false","Using sector-based fallback template"
"BMY","Bristol-Myers Squibb Company","Healthcare","United States","FALLBACK_TEMPLATE","C","false","Using sector-based fallback template"
"SYK","Stryker Corporation","Healthcare","United States","FALLBACK_TEMPLATE","C","false","Using sector-based fallback template"
"BSX","Boston Scientific Corporation","Healthcare","United States","FALLBACK_TEMPLATE","C","false","Using sector-based fallback template"
"VRTX","Vertex Pharmaceuticals Incorporated","Healthcare","United States","FALLBACK_TEMPLATE","C","false","Using sector-based fallback template"
"ELV","Elevance Health Inc.","Healthcare","United States","FALLBACK_TEMPLATE","C","false","Using sector-based fallback template"
"REGN","Regeneron Pharmaceuticals Inc.","Healthcare","United States","FALLBACK_TEMPLATE","C","false","Using sector-based fallback template"
"CI","Cigna Corporation","Healthcare","United States","FALLBACK_TEMPLATE","C","false","Using sector-based fallback template"
"ZTS","Zoetis Inc.","Healthcare","United States","FALLBACK_TEMPLATE","C","false","Using sector-based fallback template"
"CVS","CVS Health Corporation","Healthcare","United States","FALLBACK_TEMPLATE","C","false","Using sector-based fallback template"
"HCA","HCA Healthcare Inc.","Healthcare","United States","FALLBACK_TEMPLATE","C","false","Using sector-based fallback template"
"BDX","Becton Dickinson and Company","Healthcare","United States","FALLBACK_TEMPLATE","C","false","Using sector-based fallback template"
"MCK","McKesson Corporation","Healthcare","United States","FALLBACK_TEMPLATE","C","false","Using sector-based fallback template"
"HUM","Humana Inc.","Healthcare","United States","FALLBACK_TEMPLATE","C","false","Using sector-based fallback template"
"EW","Edwards Lifesciences Corporation","Healthcare","United States","FALLBACK_TEMPLATE","C","false","Using sector-based fallback template"
"DXCM","DexCom Inc.","Healthcare","United States","FALLBACK_TEMPLATE","C","false","Using sector-based fallback template"
"COR","Cencora Inc.","Healthcare","United States","FALLBACK_TEMPLATE","C","false","Using sector-based fallback template"
"CNC","Centene Corporation","Healthcare","United States","FALLBACK_TEMPLATE","C","false","Using sector-based fallback template"
"IQV","IQVIA Holdings Inc.","Healthcare","United States","FALLBACK_TEMPLATE","C","false","Using sector-based fallback template"
"A","Agilent Technologies Inc.","Healthcare","United States","FALLBACK_TEMPLATE","C","false","Using sector-based fallback template"
"IDXX","IDEXX Laboratories Inc.","Healthcare","United States","FALLBACK_TEMPLATE","C","false","Using sector-based fallback template"
"BIIB","Biogen Inc.","Healthcare","United States","FALLBACK_TEMPLATE","C","false","Using sector-based fallback template"
"RMD","ResMed Inc.","Healthcare","United States","FALLBACK_TEMPLATE","C","false","Using sector-based fallback template"
"MTD","Mettler-Toledo International Inc.","Healthcare","United States","FALLBACK_TEMPLATE","C","false","Using sector-based fallback template"
"CAH","Cardinal Health Inc.","Healthcare","United States","FALLBACK_TEMPLATE","C","false","Using sector-based fallback template"
"ZBH","Zimmer Biomet Holdings Inc.","Healthcare","United States","FALLBACK_TEMPLATE","C","false","Using sector-based fallback template"
"WST","West Pharmaceutical Services Inc.","Healthcare","United States","FALLBACK_TEMPLATE","C","false","Using sector-based fallback template"
"STE","STERIS plc","Healthcare","United States","FALLBACK_TEMPLATE","C","false","Using sector-based fallback template"
"ILMN","Illumina Inc.","Healthcare","United States","FALLBACK_TEMPLATE","C","false","Using sector-based fallback template"
"ALGN","Align Technology Inc.","Healthcare","United States","FALLBACK_TEMPLATE","C","false","Using sector-based fallback template"
"LH","Laboratory Corporation of America Holdings","Healthcare","United States","FALLBACK_TEMPLATE","C","false","Using sector-based fallback template"
"BAX","Baxter International Inc.","Healthcare","United States","FALLBACK_TEMPLATE","C","false","Using sector-based fallback template"
"HOLX","Hologic Inc.","Healthcare","United States","FALLBACK_TEMPLATE","C","false","Using sector-based fallback template"
"WAT","Waters Corporation","Healthcare","United States","FALLBACK_TEMPLATE","C","false","Using sector-based fallback template"
"PODD","Insulet Corporation","Healthcare","United States","FALLBACK_TEMPLATE","C","false","Using sector-based fallback template"
"COO","Cooper Companies Inc.","Healthcare","United States","FALLBACK_TEMPLATE","C","false","Using sector-based fallback template"
"DGX","Quest Diagnostics Incorporated","Healthcare","United States","FALLBACK_TEMPLATE","C","false","Using sector-based fallback template"
"PKI","PerkinElmer Inc.","Healthcare","United States","FALLBACK_TEMPLATE","C","false","Using sector-based fallback template"
"VTRS","Viatris Inc.","Healthcare","United States","FALLBACK_TEMPLATE","C","false","Using sector-based fallback template"
"UHS","Universal Health Services Inc.","Healthcare","United States","FALLBACK_TEMPLATE","C","false","Using sector-based fallback template"
"TECH","Bio-Techne Corporation","Healthcare","United States","FALLBACK_TEMPLATE","C","false","Using sector-based fallback template"
"TFX","Teleflex Incorporated","Healthcare","United States","FALLBACK_TEMPLATE","C","false","Using sector-based fallback template"
"DVA","DaVita Inc.","Healthcare","United States","FALLBACK_TEMPLATE","C","false","Using sector-based fallback template"
"XRAY","DENTSPLY SIRONA Inc.","Healthcare","United States","FALLBACK_TEMPLATE","C","false","Using sector-based fallback template"
"CTLT","Catalent Inc.","Healthcare","United States","FALLBACK_TEMPLATE","C","false","Using sector-based fallback template"
"WBA","Walgreens Boots Alliance Inc.","Healthcare","United States","FALLBACK_TEMPLATE","C","false","Using sector-based fallback template"
"MOH","Molina Healthcare Inc.","Healthcare","United States","FALLBACK_TEMPLATE","C","false","Using sector-based fallback template"
"HSIC","Henry Schein Inc.","Healthcare","United States","FALLBACK_TEMPLATE","C","false","Using sector-based fallback template"
"INCY","Incyte Corporation","Healthcare","United States","FALLBACK_TEMPLATE","C","false","Using sector-based fallback template"
"EXAS","Exact Sciences Corporation","Healthcare","United States","FALLBACK_TEMPLATE","C","false","Using sector-based fallback template"
"BIO","Bio-Rad Laboratories Inc.","Healthcare","United States","FALLBACK_TEMPLATE","C","false","Using sector-based fallback template"
"JAZZ","Jazz Pharmaceuticals plc","Healthcare","United States","FALLBACK_TEMPLATE","C","false","Using sector-based fallback template"
"JPM","JPMorgan Chase & Co.","Financial Services","United States","FALLBACK_TEMPLATE","C","false","Using sector-based fallback template"
"V","Visa Inc.","Financial Services","United States","FALLBACK_TEMPLATE","C","false","Using sector-based fallback template"
"MA","Mastercard Incorporated","Financial Services","United States","FALLBACK_TEMPLATE","C","false","Using sector-based fallback template"
"BAC","Bank of America Corporation","Financial Services","United States","FALLBACK_TEMPLATE","C","false","Using sector-based fallback template"
"WFC","Wells Fargo & Company","Financial Services","United States","FALLBACK_TEMPLATE","C","false","Using sector-based fallback template"
"AXP","American Express Company","Financial Services","United States","FALLBACK_TEMPLATE","C","false","Using sector-based fallback template"
"MS","Morgan Stanley","Financial Services","United States","FALLBACK_TEMPLATE","C","false","Using sector-based fallback template"
"SPGI","S&P Global Inc.","Financial Services","United States","FALLBACK_TEMPLATE","C","false","Using sector-based fallback template"
"BLK","BlackRock Inc.","Financial Services","United States","FALLBACK_TEMPLATE","C","false","Using sector-based fallback template"
"GS","Goldman Sachs Group Inc.","Financial Services","United States","FALLBACK_TEMPLATE","C","false","Using sector-based fallback template"
"SCHW","Charles Schwab Corporation","Financial Services","United States","FALLBACK_TEMPLATE","C","false","Using sector-based fallback template"
"C","Citigroup Inc.","Financial Services","United States","FALLBACK_TEMPLATE","C","false","Using sector-based fallback template"
"PGR","Progressive Corporation","Financial Services","United States","FALLBACK_TEMPLATE","C","false","Using sector-based fallback template"
"CB","Chubb Limited","Financial Services","United States","FALLBACK_TEMPLATE","C","false","Using sector-based fallback template"
"MMC","Marsh & McLennan Companies Inc.","Financial Services","United States","FALLBACK_TEMPLATE","C","false","Using sector-based fallback template"
"FI","Fiserv Inc.","Financial Services","United States","FALLBACK_TEMPLATE","C","false","Using sector-based fallback template"
"CME","CME Group Inc.","Financial Services","United States","FALLBACK_TEMPLATE","C","false","Using sector-based fallback template"
"ICE","Intercontinental Exchange Inc.","Financial Services","United States","FALLBACK_TEMPLATE","C","false","Using sector-based fallback template"
"AON","Aon plc","Financial Services","United States","FALLBACK_TEMPLATE","C","false","Using sector-based fallback template"
"USB","U.S. Bancorp","Financial Services","United States","FALLBACK_TEMPLATE","C","false","Using sector-based fallback template"
"PNC","PNC Financial Services Group Inc.","Financial Services","United States","FALLBACK_TEMPLATE","C","false","Using sector-based fallback template"
"AJG","Arthur J. Gallagher & Co.","Financial Services","United States","FALLBACK_TEMPLATE","C","false","Using sector-based fallback template"
"COF","Capital One Financial Corporation","Financial Services","United States","FALLBACK_TEMPLATE","C","false","Using sector-based fallback template"
"TFC","Truist Financial Corporation","Financial Services","United States","FALLBACK_TEMPLATE","C","false","Using sector-based fallback template"
"MET","MetLife Inc.","Financial Services","United States","FALLBACK_TEMPLATE","C","false","Using sector-based fallback template"
"AIG","American International Group Inc.","Financial Services","United States","FALLBACK_TEMPLATE","C","false","Using sector-based fallback template"
"AFL","Aflac Incorporated","Financial Services","United States","FALLBACK_TEMPLATE","C","false","Using sector-based fallback template"
"TRV","Travelers Companies Inc.","Financial Services","United States","FALLBACK_TEMPLATE","C","false","Using sector-based fallback template"
"ALL","Allstate Corporation","Financial Services","United States","FALLBACK_TEMPLATE","C","false","Using sector-based fallback template"
"BK","Bank of New York Mellon Corporation","Financial Services","United States","FALLBACK_TEMPLATE","C","false","Using sector-based fallback template"
"PRU","Prudential Financial Inc.","Financial Services","United States","FALLBACK_TEMPLATE","C","false","Using sector-based fallback template"
"MSCI","MSCI Inc.","Financial Services","United States","FALLBACK_TEMPLATE","C","false","Using sector-based fallback template"
"DFS","Discover Financial Services","Financial Services","United States","FALLBACK_TEMPLATE","C","false","Using sector-based fallback template"
"HIG","Hartford Financial Services Group Inc.","Financial Services","United States","FALLBACK_TEMPLATE","C","false","Using sector-based fallback template"
"FITB","Fifth Third Bancorp","Financial Services","United States","FALLBACK_TEMPLATE","C","false","Using sector-based fallback template"
"STT","State Street Corporation","Financial Services","United States","FALLBACK_TEMPLATE","C","false","Using sector-based fallback template"
"TROW","T. Rowe Price Group Inc.","Financial Services","United States","FALLBACK_TEMPLATE","C","false","Using sector-based fallback template"
"MTB","M&T Bank Corporation","Financial Services","United States","FALLBACK_TEMPLATE","C","false","Using sector-based fallback template"
"SYF","Synchrony Financial","Financial Services","United States","FALLBACK_TEMPLATE","C","false","Using sector-based fallback template"
"RF","Regions Financial Corporation","Financial Services","United States","FALLBACK_TEMPLATE","C","false","Using sector-based fallback template"
"HBAN","Huntington Bancshares Incorporated","Financial Services","United States","FALLBACK_TEMPLATE","C","false","Using sector-based fallback template"
"CFG","Citizens Financial Group Inc.","Financial Services","United States","FALLBACK_TEMPLATE","C","false","Using sector-based fallback template"
"NTRS","Northern Trust Corporation","Financial Services","United States","FALLBACK_TEMPLATE","C","false","Using sector-based fallback template"
"KEY","KeyCorp","Financial Services","United States","FALLBACK_TEMPLATE","C","false","Using sector-based fallback template"
"WRB","W. R. Berkley Corporation","Financial Services","United States","FALLBACK_TEMPLATE","C","false","Using sector-based fallback template"
"CINF","Cincinnati Financial Corporation","Financial Services","United States","FALLBACK_TEMPLATE","C","false","Using sector-based fallback template"
"L","Loews Corporation","Financial Services","United States","FALLBACK_TEMPLATE","C","false","Using sector-based fallback template"
"BRO","Brown & Brown Inc.","Financial Services","United States","FALLBACK_TEMPLATE","C","false","Using sector-based fallback template"
"GL","Globe Life Inc.","Financial Services","United States","FALLBACK_TEMPLATE","C","false","Using sector-based fallback template"
"AIZ","Assurant Inc.","Financial Services","United States","FALLBACK_TEMPLATE","C","false","Using sector-based fallback template"
"RJF","Raymond James Financial Inc.","Financial Services","United States","FALLBACK_TEMPLATE","C","false","Using sector-based fallback template"
"CBOE","Cboe Global Markets Inc.","Financial Services","United States","FALLBACK_TEMPLATE","C","false","Using sector-based fallback template"
"NDAQ","Nasdaq Inc.","Financial Services","United States","FALLBACK_TEMPLATE","C","false","Using sector-based fallback template"
"IVZ","Invesco Ltd.","Financial Services","United States","FALLBACK_TEMPLATE","C","false","Using sector-based fallback template"
"BEN","Franklin Resources Inc.","Financial Services","United States","FALLBACK_TEMPLATE","C","false","Using sector-based fallback template"
"ZION","Zions Bancorporation N.A.","Financial Services","United States","FALLBACK_TEMPLATE","C","false","Using sector-based fallback template"
"EWBC","East West Bancorp Inc.","Financial Services","United States","FALLBACK_TEMPLATE","C","false","Using sector-based fallback template"
"FDS","FactSet Research Systems Inc.","Financial Services","United States","FALLBACK_TEMPLATE","C","false","Using sector-based fallback template"
"MKTX","MarketAxess Holdings Inc.","Financial Services","United States","FALLBACK_TEMPLATE","C","false","Using sector-based fallback template"
"PFG","Principal Financial Group Inc.","Financial Services","United States","FALLBACK_TEMPLATE","C","false","Using sector-based fallback template"
"AMP","Ameriprise Financial Inc.","Financial Services","United States","FALLBACK_TEMPLATE","C","false","Using sector-based fallback template"
"WTW","Willis Towers Watson Public Limited Company","Financial Services","United States","FALLBACK_TEMPLATE","C","false","Using sector-based fallback template"
"FNF","Fidelity National Financial Inc.","Financial Services","United States","FALLBACK_TEMPLATE","C","false","Using sector-based fallback template"
"FAF","First American Financial Corporation","Financial Services","United States","FALLBACK_TEMPLATE","C","false","Using sector-based fallback template"
"ALLY","Ally Financial Inc.","Financial Services","United States","FALLBACK_TEMPLATE","C","false","Using sector-based fallback template"
"PYPL","PayPal Holdings Inc.","Financial Services","United States","FALLBACK_TEMPLATE","C","false","Using sector-based fallback template"
"SQ","Block Inc.","Financial Services","United States","FALLBACK_TEMPLATE","C","false","Using sector-based fallback template"
"HD","Home Depot Inc.","Consumer Discretionary","United States","FALLBACK_TEMPLATE","C","false","Using sector-based fallback template"
"NKE","Nike Inc.","Consumer Discretionary","United States","FALLBACK_TEMPLATE","C","false","Using sector-based fallback template"
"BKNG","Booking Holdings Inc.","Consumer Discretionary","United States","FALLBACK_TEMPLATE","C","false","Using sector-based fallback template"
"SBUX","Starbucks Corporation","Consumer Discretionary","United States","FALLBACK_TEMPLATE","C","false","Using sector-based fallback template"
"TJX","TJX Companies Inc.","Consumer Discretionary","United States","FALLBACK_TEMPLATE","C","false","Using sector-based fallback template"
"ABNB","Airbnb Inc.","Consumer Discretionary","United States","FALLBACK_TEMPLATE","C","false","Using sector-based fallback template"
"MAR","Marriott International Inc.","Consumer Discretionary","United States","FALLBACK_TEMPLATE","C","false","Using sector-based fallback template"
"TGT","Target Corporation","Consumer Discretionary","United States","FALLBACK_TEMPLATE","C","false","Using sector-based fallback template"
"CMG","Chipotle Mexican Grill Inc.","Consumer Discretionary","United States","FALLBACK_TEMPLATE","C","false","Using sector-based fallback template"
"AZO","AutoZone Inc.","Consumer Discretionary","United States","FALLBACK_TEMPLATE","C","false","Using sector-based fallback template"
"HLT","Hilton Worldwide Holdings Inc.","Consumer Discretionary","United States","FALLBACK_TEMPLATE","C","false","Using sector-based fallback template"
"DHI","D.R. Horton Inc.","Consumer Discretionary","United States","FALLBACK_TEMPLATE","C","false","Using sector-based fallback template"
"GM","General Motors Company","Consumer Discretionary","United States","FALLBACK_TEMPLATE","C","false","Using sector-based fallback template"
"F","Ford Motor Company","Consumer Discretionary","United States","FALLBACK_TEMPLATE","C","false","Using sector-based fallback template"
"LEN","Lennar Corporation","Consumer Discretionary","United States","FALLBACK_TEMPLATE","C","false","Using sector-based fallback template"
"LULU","Lululemon Athletica Inc.","Consumer Discretionary","United States","FALLBACK_TEMPLATE","C","false","Using sector-based fallback template"
"RCL","Royal Caribbean Cruises Ltd.","Consumer Discretionary","United States","FALLBACK_TEMPLATE","C","false","Using sector-based fallback template"
"ROST","Ross Stores Inc.","Consumer Discretionary","United States","FALLBACK_TEMPLATE","C","false","Using sector-based fallback template"
"YUM","Yum! Brands Inc.","Consumer Discretionary","United States","FALLBACK_TEMPLATE","C","false","Using sector-based fallback template"
"DG","Dollar General Corporation","Consumer Discretionary","United States","FALLBACK_TEMPLATE","C","false","Using sector-based fallback template"
"LVS","Las Vegas Sands Corp.","Consumer Discretionary","United States","FALLBACK_TEMPLATE","C","false","Using sector-based fallback template"
"QSR","Restaurant Brands International Inc.","Consumer Discretionary","United States","FALLBACK_TEMPLATE","C","false","Using sector-based fallback template"
"DLTR","Dollar Tree Inc.","Consumer Discretionary","United States","FALLBACK_TEMPLATE","C","false","Using sector-based fallback template"
"EBAY","eBay Inc.","Consumer Discretionary","United States","FALLBACK_TEMPLATE","C","false","Using sector-based fallback template"
"PHM","PulteGroup Inc.","Consumer Discretionary","United States","FALLBACK_TEMPLATE","C","false","Using sector-based fallback template"
"NVR","NVR Inc.","Consumer Discretionary","United States","FALLBACK_TEMPLATE","C","false","Using sector-based fallback template"
"DRI","Darden Restaurants Inc.","Consumer Discretionary","United States","FALLBACK_TEMPLATE","C","false","Using sector-based fallback template"
"CCL","Carnival Corporation & plc","Consumer Discretionary","United States","FALLBACK_TEMPLATE","C","false","Using sector-based fallback template"
"EXPE","Expedia Group Inc.","Consumer Discretionary","United States","FALLBACK_TEMPLATE","C","false","Using sector-based fallback template"
"BBY","Best Buy Co. Inc.","Consumer Discretionary","United States","FALLBACK_TEMPLATE","C","false","Using sector-based fallback template"
"GPC","Genuine Parts Company","Consumer Discretionary","United States","FALLBACK_TEMPLATE","C","false","Using sector-based fallback template"
"LII","Lennox International Inc.","Consumer Discretionary","United States","FALLBACK_TEMPLATE","C","false","Using sector-based fallback template"
"RIVN","Rivian Automotive Inc.","Consumer Discretionary","United States","FALLBACK_TEMPLATE","C","false","Using sector-based fallback template"
"POOL","Pool Corporation","Consumer Discretionary","United States","FALLBACK_TEMPLATE","C","false","Using sector-based fallback template"
"MGM","MGM Resorts International","Consumer Discretionary","United States","FALLBACK_TEMPLATE","C","false","Using sector-based fallback template"
"RL","Ralph Lauren Corporation","Consumer Discretionary","United States","FALLBACK_TEMPLATE","C","false","Using sector-based fallback template"
"TPR","Tapestry Inc.","Consumer Discretionary","United States","FALLBACK_TEMPLATE","C","false","Using sector-based fallback template"
"WYNN","Wynn Resorts Limited","Consumer Discretionary","United States","FALLBACK_TEMPLATE","C","false","Using sector-based fallback template"
"NCLH","Norwegian Cruise Line Holdings Ltd.","Consumer Discretionary","United States","FALLBACK_TEMPLATE","C","false","Using sector-based fallback template"
"ETSY","Etsy Inc.","Consumer Discretionary","United States","FALLBACK_TEMPLATE","C","false","Using sector-based fallback template"
"LCID","Lucid Group Inc.","Consumer Discretionary","United States","FALLBACK_TEMPLATE","C","false","Using sector-based fallback template"
"HAS","Hasbro Inc.","Consumer Discretionary","United States","FALLBACK_TEMPLATE","C","false","Using sector-based fallback template"
"MHK","Mohawk Industries Inc.","Consumer Discretionary","United States","FALLBACK_TEMPLATE","C","false","Using sector-based fallback template"
"WHR","Whirlpool Corporation","Consumer Discretionary","United States","FALLBACK_TEMPLATE","C","false","Using sector-based fallback template"
"TOL","Toll Brothers Inc.","Consumer Discretionary","United States","FALLBACK_TEMPLATE","C","false","Using sector-based fallback template"
"VFC","V.F. Corporation","Consumer Discretionary","United States","FALLBACK_TEMPLATE","C","false","Using sector-based fallback template"
"MAT","Mattel Inc.","Consumer Discretionary","United States","FALLBACK_TEMPLATE","C","false","Using sector-based fallback template"
"KBH","KB Home","Consumer Discretionary","United States","FALLBACK_TEMPLATE","C","false","Using sector-based fallback template"
"PVH","PVH Corp.","Consumer Discretionary","United States","FALLBACK_TEMPLATE","C","false","Using sector-based fallback template"
"WMT","Walmart Inc.","Consumer Staples","United States","FALLBACK_TEMPLATE","C","false","Using sector-based fallback template"
"PG","Procter & Gamble Company","Consumer Staples","United States","FALLBACK_TEMPLATE","C","false","Using sector-based fallback template"
"COST","Costco Wholesale Corporation","Consumer Staples","United States","FALLBACK_TEMPLATE","C","false","Using sector-based fallback template"
"KO","Coca-Cola Company","Consumer Staples","United States","FALLBACK_TEMPLATE","C","false","Using sector-based fallback template"
"PEP","PepsiCo Inc.","Consumer Staples","United States","FALLBACK_TEMPLATE","C","false","Using sector-based fallback template"
"PM","Philip Morris International Inc.","Consumer Staples","United States","FALLBACK_TEMPLATE","C","false","Using sector-based fallback template"
"MDLZ","Mondelez International Inc.","Consumer Staples","United States","FALLBACK_TEMPLATE","C","false","Using sector-based fallback template"
"MO","Altria Group Inc.","Consumer Staples","United States","FALLBACK_TEMPLATE","C","false","Using sector-based fallback template"
"CL","Colgate-Palmolive Company","Consumer Staples","United States","FALLBACK_TEMPLATE","C","false","Using sector-based fallback template"
"MNST","Monster Beverage Corporation","Consumer Staples","United States","FALLBACK_TEMPLATE","C","false","Using sector-based fallback template"
"EL","Estee Lauder Companies Inc.","Consumer Staples","United States","FALLBACK_TEMPLATE","C","false","Using sector-based fallback template"
"KMB","Kimberly-Clark Corporation","Consumer Staples","United States","FALLBACK_TEMPLATE","C","false","Using sector-based fallback template"
"STZ","Constellation Brands Inc.","Consumer Staples","United States","FALLBACK_TEMPLATE","C","false","Using sector-based fallback template"
"KDP","Keurig Dr Pepper Inc.","Consumer Staples","United States","FALLBACK_TEMPLATE","C","false","Using sector-based fallback template"
"GIS","General Mills Inc.","Consumer Staples","United States","FALLBACK_TEMPLATE","C","false","Using sector-based fallback template"
"KHC","Kraft Heinz Company","Consumer Staples","United States","FALLBACK_TEMPLATE","C","false","Using sector-based fallback template"
"KR","Kroger Co.","Consumer Staples","United States","FALLBACK_TEMPLATE","C","false","Using sector-based fallback template"
"SYY","Sysco Corporation","Consumer Staples","United States","FALLBACK_TEMPLATE","C","false","Using sector-based fallback template"
"HSY","Hershey Company","Consumer Staples","United States","FALLBACK_TEMPLATE","C","false","Using sector-based fallback template"
"ADM","Archer-Daniels-Midland Company","Consumer Staples","United States","FALLBACK_TEMPLATE","C","false","Using sector-based fallback template"
"K","Kellanova","Consumer Staples","United States","FALLBACK_TEMPLATE","C","false","Using sector-based fallback template"
"CHD","Church & Dwight Co. Inc.","Consumer Staples","United States","FALLBACK_TEMPLATE","C","false","Using sector-based fallback template"
"MKC","McCormick & Company Incorporated","Consumer Staples","United States","FALLBACK_TEMPLATE","C","false","Using sector-based fallback template"
"TSN","Tyson Foods Inc.","Consumer Staples","United States","FALLBACK_TEMPLATE","C","false","Using sector-based fallback template"
"HRL","Hormel Foods Corporation","Consumer Staples","United States","FALLBACK_TEMPLATE","C","false","Using sector-based fallback template"
"CLX","Clorox Company","Consumer Staples","United States","FALLBACK_TEMPLATE","C","false","Using sector-based fallback template"
"BG","Bunge Global SA","Consumer Staples","United States","FALLBACK_TEMPLATE","C","false","Using sector-based fallback template"
"SJM","J.M. Smucker Company","Consumer Staples","United States","FALLBACK_TEMPLATE","C","false","Using sector-based fallback template"
"CAG","Conagra Brands Inc.","Consumer Staples","United States","FALLBACK_TEMPLATE","C","false","Using sector-based fallback template"
"CPB","Campbell Soup Company","Consumer Staples","United States","FALLBACK_TEMPLATE","C","false","Using sector-based fallback template"
"TAP","Molson Coors Beverage Company","Consumer Staples","United States","FALLBACK_TEMPLATE","C","false","Using sector-based fallback template"
"LW","Lamb Weston Holdings Inc.","Consumer Staples","United States","FALLBACK_TEMPLATE","C","false","Using sector-based fallback template"
"NWL","Newell Brands Inc.","Consumer Staples","United States","FALLBACK_TEMPLATE","C","false","Using sector-based fallback template"
"UAA","Under Armour Inc. Class A","Consumer Staples","United States","FALLBACK_TEMPLATE","C","false","Using sector-based fallback template"
"NFLX","Netflix Inc.","Communication Services","United States","FALLBACK_TEMPLATE","C","false","Using sector-based fallback template"
"DIS","Walt Disney Company","Communication Services","United States","FALLBACK_TEMPLATE","C","false","Using sector-based fallback template"
"TMUS","T-Mobile US Inc.","Communication Services","United States","FALLBACK_TEMPLATE","C","false","Using sector-based fallback template"
"VZ","Verizon Communications Inc.","Communication Services","United States","FALLBACK_TEMPLATE","C","false","Using sector-based fallback template"
"CMCSA","Comcast Corporation","Communication Services","United States","FALLBACK_TEMPLATE","C","false","Using sector-based fallback template"
"T","AT&T Inc.","Communication Services","United States","FALLBACK_TEMPLATE","C","false","Using sector-based fallback template"
"CHTR","Charter Communications Inc.","Communication Services","United States","FALLBACK_TEMPLATE","C","false","Using sector-based fallback template"
"EA","Electronic Arts Inc.","Communication Services","United States","FALLBACK_TEMPLATE","C","false","Using sector-based fallback template"
"TTWO","Take-Two Interactive Software Inc.","Communication Services","United States","FALLBACK_TEMPLATE","C","false","Using sector-based fallback template"
"WBD","Warner Bros. Discovery Inc.","Communication Services","United States","FALLBACK_TEMPLATE","C","false","Using sector-based fallback template"
"OMC","Omnicom Group Inc.","Communication Services","United States","FALLBACK_TEMPLATE","C","false","Using sector-based fallback template"
"IPG","Interpublic Group of Companies Inc.","Communication Services","United States","FALLBACK_TEMPLATE","C","false","Using sector-based fallback template"
"FOXA","Fox Corporation Class A","Communication Services","United States","FALLBACK_TEMPLATE","C","false","Using sector-based fallback template"
"FOX","Fox Corporation Class B","Communication Services","United States","FALLBACK_TEMPLATE","C","false","Using sector-based fallback template"
"NWSA","News Corporation Class A","Communication Services","United States","FALLBACK_TEMPLATE","C","false","Using sector-based fallback template"
"NWS","News Corporation Class B","Communication Services","United States","FALLBACK_TEMPLATE","C","false","Using sector-based fallback template"
"PARA","Paramount Global Class B","Communication Services","United States","FALLBACK_TEMPLATE","C","false","Using sector-based fallback template"
"LYV","Live Nation Entertainment Inc.","Communication Services","United States","FALLBACK_TEMPLATE","C","false","Using sector-based fallback template"
"MTCH","Match Group Inc.","Communication Services","United States","FALLBACK_TEMPLATE","C","false","Using sector-based fallback template"
"DISH","DISH Network Corporation","Communication Services","United States","FALLBACK_TEMPLATE","C","false","Using sector-based fallback template"
"PINS","Pinterest Inc.","Communication Services","United States","FALLBACK_TEMPLATE","C","false","Using sector-based fallback template"
"SNAP","Snap Inc.","Communication Services","United States","FALLBACK_TEMPLATE","C","false","Using sector-based fallback template"
"WMG","Warner Music Group Corp.","Communication Services","United States","FALLBACK_TEMPLATE","C","false","Using sector-based fallback template"
"SPOT","Spotify Technology S.A.","Communication Services","United States","FALLBACK_TEMPLATE","C","false","Using sector-based fallback template"
"UNP","Union Pacific Corporation","Industrials","United States","FALLBACK_TEMPLATE","C","false","Using sector-based fallback template"
"UBER","Uber Technologies Inc.","Industrials","United States","FALLBACK_TEMPLATE","C","false","Using sector-based fallback template"
"HON","Honeywell International Inc.","Industrials","United States","FALLBACK_TEMPLATE","C","false","Using sector-based fallback template"
"RTX","RTX Corporation","Industrials","United States","FALLBACK_TEMPLATE","C","false","Using sector-based fallback template"
"CAT","Caterpillar Inc.","Industrials","United States","FALLBACK_TEMPLATE","C","false","Using sector-based fallback template"
"BA","Boeing Company","Industrials","United States","FALLBACK_TEMPLATE","C","false","Using sector-based fallback template"
"GE","General Electric Company","Industrials","United States","FALLBACK_TEMPLATE","C","false","Using sector-based fallback template"
"UPS","United Parcel Service Inc.","Industrials","United States","FALLBACK_TEMPLATE","C","false","Using sector-based fallback template"
"DE","Deere & Company","Industrials","United States","FALLBACK_TEMPLATE","C","false","Using sector-based fallback template"
"LMT","Lockheed Martin Corporation","Industrials","United States","FALLBACK_TEMPLATE","C","false","Using sector-based fallback template"
"ADP","Automatic Data Processing Inc.","Industrials","United States","FALLBACK_TEMPLATE","C","false","Using sector-based fallback template"
"ETN","Eaton Corporation plc","Industrials","United States","FALLBACK_TEMPLATE","C","false","Using sector-based fallback template"
"WM","Waste Management Inc.","Industrials","United States","FALLBACK_TEMPLATE","C","false","Using sector-based fallback template"
"CSX","CSX Corporation","Industrials","United States","FALLBACK_TEMPLATE","C","false","Using sector-based fallback template"
"GD","General Dynamics Corporation","Industrials","United States","FALLBACK_TEMPLATE","C","false","Using sector-based fallback template"
"NOC","Northrop Grumman Corporation","Industrials","United States","FALLBACK_TEMPLATE","C","false","Using sector-based fallback template"
"FDX","FedEx Corporation","Industrials","United States","FALLBACK_TEMPLATE","C","false","Using sector-based fallback template"
"TT","Trane Technologies plc","Industrials","United States","FALLBACK_TEMPLATE","C","false","Using sector-based fallback template"
"TDG","TransDigm Group Incorporated","Industrials","United States","FALLBACK_TEMPLATE","C","false","Using sector-based fallback template"
"CTAS","Cintas Corporation","Industrials","United States","FALLBACK_TEMPLATE","C","false","Using sector-based fallback template"
"PH","Parker-Hannifin Corporation","Industrials","United States","FALLBACK_TEMPLATE","C","false","Using sector-based fallback template"
"EMR","Emerson Electric Co.","Industrials","United States","FALLBACK_TEMPLATE","C","false","Using sector-based fallback template"
"RSG","Republic Services Inc.","Industrials","United States","FALLBACK_TEMPLATE","C","false","Using sector-based fallback template"
"NSC","Norfolk Southern Corporation","Industrials","United States","FALLBACK_TEMPLATE","C","false","Using sector-based fallback template"
"PCAR","PACCAR Inc.","Industrials","United States","FALLBACK_TEMPLATE","C","false","Using sector-based fallback template"
"ITW","Illinois Tool Works Inc.","Industrials","United States","FALLBACK_TEMPLATE","C","false","Using sector-based fallback template"
"CARR","Carrier Global Corporation","Industrials","United States","FALLBACK_TEMPLATE","C","false","Using sector-based fallback template"
"JCI","Johnson Controls International plc","Industrials","United States","FALLBACK_TEMPLATE","C","false","Using sector-based fallback template"
"ODFL","Old Dominion Freight Line Inc.","Industrials","United States","FALLBACK_TEMPLATE","C","false","Using sector-based fallback template"
"CPRT","Copart Inc.","Industrials","United States","FALLBACK_TEMPLATE","C","false","Using sector-based fallback template"
"PAYX","Paychex Inc.","Industrials","United States","FALLBACK_TEMPLATE","C","false","Using sector-based fallback template"
"FAST","Fastenal Company","Industrials","United States","FALLBACK_TEMPLATE","C","false","Using sector-based fallback template"
"URI","United Rentals Inc.","Industrials","United States","FALLBACK_TEMPLATE","C","false","Using sector-based fallback template"
"LHX","L3Harris Technologies Inc.","Industrials","United States","FALLBACK_TEMPLATE","C","false","Using sector-based fallback template"
"VRSK","Verisk Analytics Inc.","Industrials","United States","FALLBACK_TEMPLATE","C","false","Using sector-based fallback template"
"OTIS","Otis Worldwide Corporation","Industrials","United States","FALLBACK_TEMPLATE","C","false","Using sector-based fallback template"
"IR","Ingersoll Rand Inc.","Industrials","United States","FALLBACK_TEMPLATE","C","false","Using sector-based fallback template"
"ROK","Rockwell Automation Inc.","Industrials","United States","FALLBACK_TEMPLATE","C","false","Using sector-based fallback template"
"HWM","Howmet Aerospace Inc.","Industrials","United States","FALLBACK_TEMPLATE","C","false","Using sector-based fallback template"
"FTV","Fortive Corporation","Industrials","United States","FALLBACK_TEMPLATE","C","false","Using sector-based fallback template"
"DOV","Dover Corporation","Industrials","United States","FALLBACK_TEMPLATE","C","false","Using sector-based fallback template"
"XYL","Xylem Inc.","Industrials","United States","FALLBACK_TEMPLATE","C","false","Using sector-based fallback template"
"JBHT","J.B. Hunt Transport Services Inc.","Industrials","United States","FALLBACK_TEMPLATE","C","false","Using sector-based fallback template"
"EXPD","Expeditors International of Washington Inc.","Industrials","United States","FALLBACK_TEMPLATE","C","false","Using sector-based fallback template"
"SNA","Snap-on Incorporated","Industrials","United States","FALLBACK_TEMPLATE","C","false","Using sector-based fallback template"
"TXT","Textron Inc.","Industrials","United States","FALLBACK_TEMPLATE","C","false","Using sector-based fallback template"
"SWK","Stanley Black & Decker Inc.","Industrials","United States","FALLBACK_TEMPLATE","C","false","Using sector-based fallback template"
"CHRW","C.H. Robinson Worldwide Inc.","Industrials","United States","FALLBACK_TEMPLATE","C","false","Using sector-based fallback template"
"HII","Huntington Ingalls Industries Inc.","Industrials","United States","FALLBACK_TEMPLATE","C","false","Using sector-based fallback template"
"DAL","Delta Air Lines Inc.","Industrials","United States","FALLBACK_TEMPLATE","C","false","Using sector-based fallback template"
"UAL","United Airlines Holdings Inc.","Industrials","United States","FALLBACK_TEMPLATE","C","false","Using sector-based fallback template"
"AAL","American Airlines Group Inc.","Industrials","United States","FALLBACK_TEMPLATE","C","false","Using sector-based fallback template"
"LUV","Southwest Airlines Co.","Industrials","United States","FALLBACK_TEMPLATE","C","false","Using sector-based fallback template"
"LYFT","Lyft Inc.","Industrials","United States","FALLBACK_TEMPLATE","C","false","Using sector-based fallback template"
"ALLE","Allegion plc","Industrials","United States","FALLBACK_TEMPLATE","C","false","Using sector-based fallback template"
"AME","AMETEK Inc.","Industrials","United States","FALLBACK_TEMPLATE","C","false","Using sector-based fallback template"
"AXON","Axon Enterprise Inc.","Industrials","United States","FALLBACK_TEMPLATE","C","false","Using sector-based fallback template"
"BLDR","Builders FirstSource Inc.","Industrials","United States","FALLBACK_TEMPLATE","C","false","Using sector-based fallback template"
"GNRC","Generac Holdings Inc.","Industrials","United States","FALLBACK_TEMPLATE","C","false","Using sector-based fallback template"
"HEI","HEICO Corporation","Industrials","United States","FALLBACK_TEMPLATE","C","false","Using sector-based fallback template"
"IEX","IDEX Corporation","Industrials","United States","FALLBACK_TEMPLATE","C","false","Using sector-based fallback template"
"J","Jacobs Solutions Inc.","Industrials","United States","FALLBACK_TEMPLATE","C","false","Using sector-based fallback template"
"LDOS","Leidos Holdings Inc.","Industrials","United States","FALLBACK_TEMPLATE","C","false","Using sector-based fallback template"
"MAS","Masco Corporation","Industrials","United States","FALLBACK_TEMPLATE","C","false","Using sector-based fallback template"
"NDSN","Nordson Corporation","Industrials","United States","FALLBACK_TEMPLATE","C","false","Using sector-based fallback template"
"PAYC","Paycom Software Inc.","Industrials","United States","FALLBACK_TEMPLATE","C","false","Using sector-based fallback template"
"PWR","Quanta Services Inc.","Industrials","United States","FALLBACK_TEMPLATE","C","false","Using sector-based fallback template"
"TDY","Teledyne Technologies Incorporated","Industrials","United States","FALLBACK_TEMPLATE","C","false","Using sector-based fallback template"
"VLTO","Veralto Corporation","Industrials","United States","FALLBACK_TEMPLATE","C","false","Using sector-based fallback template"
"WAB","Westinghouse Air Brake Technologies Corporation","Industrials","United States","FALLBACK_TEMPLATE","C","false","Using sector-based fallback template"
"WCC","WESCO International Inc.","Industrials","United States","FALLBACK_TEMPLATE","C","false","Using sector-based fallback template"
"WSO","Watsco Inc.","Industrials","United States","FALLBACK_TEMPLATE","C","false","Using sector-based fallback template"
"XPO","XPO Inc.","Industrials","United States","FALLBACK_TEMPLATE","C","false","Using sector-based fallback template"
"XOM","Exxon Mobil Corporation","Energy","United States","FALLBACK_TEMPLATE","C","false","Using sector-based fallback template"
"CVX","Chevron Corporation","Energy","United States","FALLBACK_TEMPLATE","C","false","Using sector-based fallback template"
"COP","ConocoPhillips","Energy","United States","FALLBACK_TEMPLATE","C","false","Using sector-based fallback template"
"EOG","EOG Resources Inc.","Energy","United States","FALLBACK_TEMPLATE","C","false","Using sector-based fallback template"
"SLB","Schlumberger Limited","Energy","United States","FALLBACK_TEMPLATE","C","false","Using sector-based fallback template"
"MPC","Marathon Petroleum Corporation","Energy","United States","FALLBACK_TEMPLATE","C","false","Using sector-based fallback template"
"PSX","Phillips 66","Energy","United States","FALLBACK_TEMPLATE","C","false","Using sector-based fallback template"
"WMB","Williams Companies Inc.","Energy","United States","FALLBACK_TEMPLATE","C","false","Using sector-based fallback template"
"PXD","Pioneer Natural Resources Company","Energy","United States","FALLBACK_TEMPLATE","C","false","Using sector-based fallback template"
"OXY","Occidental Petroleum Corporation","Energy","United States","FALLBACK_TEMPLATE","C","false","Using sector-based fallback template"
"VLO","Valero Energy Corporation","Energy","United States","FALLBACK_TEMPLATE","C","false","Using sector-based fallback template"
"OKE","ONEOK Inc.","Energy","United States","FALLBACK_TEMPLATE","C","false","Using sector-based fallback template"
"LNG","Cheniere Energy Inc.","Energy","United States","FALLBACK_TEMPLATE","C","false","Using sector-based fallback template"
"HES","Hess Corporation","Energy","United States","FALLBACK_TEMPLATE","C","false","Using sector-based fallback template"
"KMI","Kinder Morgan Inc.","Energy","United States","FALLBACK_TEMPLATE","C","false","Using sector-based fallback template"
"TRGP","Targa Resources Corp.","Energy","United States","FALLBACK_TEMPLATE","C","false","Using sector-based fallback template"
"HAL","Halliburton Company","Energy","United States","FALLBACK_TEMPLATE","C","false","Using sector-based fallback template"
"BKR","Baker Hughes Company","Energy","United States","FALLBACK_TEMPLATE","C","false","Using sector-based fallback template"
"FANG","Diamondback Energy Inc.","Energy","United States","FALLBACK_TEMPLATE","C","false","Using sector-based fallback template"
"DVN","Devon Energy Corporation","Energy","United States","FALLBACK_TEMPLATE","C","false","Using sector-based fallback template"
"CTRA","Coterra Energy Inc.","Energy","United States","FALLBACK_TEMPLATE","C","false","Using sector-based fallback template"
"MRO","Marathon Oil Corporation","Energy","United States","FALLBACK_TEMPLATE","C","false","Using sector-based fallback template"
"APA","APA Corporation","Energy","United States","FALLBACK_TEMPLATE","C","false","Using sector-based fallback template"
"EQT","EQT Corporation","Energy","United States","FALLBACK_TEMPLATE","C","false","Using sector-based fallback template"
"CQP","Cheniere Energy Partners L.P.","Energy","United States","FALLBACK_TEMPLATE","C","false","Using sector-based fallback template"
"LIN","Linde plc","Materials","United States","FALLBACK_TEMPLATE","C","false","Using sector-based fallback template"
"SHW","Sherwin-Williams Company","Materials","United States","FALLBACK_TEMPLATE","C","false","Using sector-based fallback template"
"APD","Air Products and Chemicals Inc.","Materials","United States","FALLBACK_TEMPLATE","C","false","Using sector-based fallback template"
"ECL","Ecolab Inc.","Materials","United States","FALLBACK_TEMPLATE","C","false","Using sector-based fallback template"
"FCX","Freeport-McMoRan Inc.","Materials","United States","FALLBACK_TEMPLATE","C","false","Using sector-based fallback template"
"NEM","Newmont Corporation","Materials","United States","FALLBACK_TEMPLATE","C","false","Using sector-based fallback template"
"NUE","Nucor Corporation","Materials","United States","FALLBACK_TEMPLATE","C","false","Using sector-based fallback template"
"DD","DuPont de Nemours Inc.","Materials","United States","FALLBACK_TEMPLATE","C","false","Using sector-based fallback template"
"PPG","PPG Industries Inc.","Materials","United States","FALLBACK_TEMPLATE","C","false","Using sector-based fallback template"
"VMC","Vulcan Materials Company","Materials","United States","FALLBACK_TEMPLATE","C","false","Using sector-based fallback template"
"MLM","Martin Marietta Materials Inc.","Materials","United States","FALLBACK_TEMPLATE","C","false","Using sector-based fallback template"
"IFF","International Flavors & Fragrances Inc.","Materials","United States","FALLBACK_TEMPLATE","C","false","Using sector-based fallback template"
"BALL","Ball Corporation","Materials","United States","FALLBACK_TEMPLATE","C","false","Using sector-based fallback template"
"PKG","Packaging Corporation of America","Materials","United States","FALLBACK_TEMPLATE","C","false","Using sector-based fallback template"
"AVY","Avery Dennison Corporation","Materials","United States","FALLBACK_TEMPLATE","C","false","Using sector-based fallback template"
"IP","International Paper Company","Materials","United States","FALLBACK_TEMPLATE","C","false","Using sector-based fallback template"
"CF","CF Industries Holdings Inc.","Materials","United States","FALLBACK_TEMPLATE","C","false","Using sector-based fallback template"
"ALB","Albemarle Corporation","Materials","United States","FALLBACK_TEMPLATE","C","false","Using sector-based fallback template"
"AMCR","Amcor plc","Materials","United States","FALLBACK_TEMPLATE","C","false","Using sector-based fallback template"
"CE","Celanese Corporation","Materials","United States","FALLBACK_TEMPLATE","C","false","Using sector-based fallback template"
"WRK","WestRock Company","Materials","United States","FALLBACK_TEMPLATE","C","false","Using sector-based fallback template"
"MOS","Mosaic Company","Materials","United States","FALLBACK_TEMPLATE","C","false","Using sector-based fallback template"
"EMN","Eastman Chemical Company","Materials","United States","FALLBACK_TEMPLATE","C","false","Using sector-based fallback template"
"FMC","FMC Corporation","Materials","United States","FALLBACK_TEMPLATE","C","false","Using sector-based fallback template"
"SEE","Sealed Air Corporation","Materials","United States","FALLBACK_TEMPLATE","C","false","Using sector-based fallback template"
"LYB","LyondellBasell Industries N.V.","Materials","United States","FALLBACK_TEMPLATE","C","false","Using sector-based fallback template"
"DOW","Dow Inc.","Materials","United States","FALLBACK_TEMPLATE","C","false","Using sector-based fallback template"
"STLD","Steel Dynamics Inc.","Materials","United States","FALLBACK_TEMPLATE","C","false","Using sector-based fallback template"
"RS","Reliance Steel & Aluminum Co.","Materials","United States","FALLBACK_TEMPLATE","C","false","Using sector-based fallback template"
"SW","Smurfit WestRock plc","Materials","United States","FALLBACK_TEMPLATE","C","false","Using sector-based fallback template"
"PLD","Prologis Inc.","Real Estate","United States","FALLBACK_TEMPLATE","C","false","Using sector-based fallback template"
"AMT","American Tower Corporation","Real Estate","United States","FALLBACK_TEMPLATE","C","false","Using sector-based fallback template"
"EQIX","Equinix Inc.","Real Estate","United States","FALLBACK_TEMPLATE","C","false","Using sector-based fallback template"
"WELL","Welltower Inc.","Real Estate","United States","FALLBACK_TEMPLATE","C","false","Using sector-based fallback template"
"PSA","Public Storage","Real Estate","United States","FALLBACK_TEMPLATE","C","false","Using sector-based fallback template"
"SPG","Simon Property Group Inc.","Real Estate","United States","FALLBACK_TEMPLATE","C","false","Using sector-based fallback template"
"CCI","Crown Castle Inc.","Real Estate","United States","FALLBACK_TEMPLATE","C","false","Using sector-based fallback template"
"O","Realty Income Corporation","Real Estate","United States","FALLBACK_TEMPLATE","C","false","Using sector-based fallback template"
"DLR","Digital Realty Trust Inc.","Real Estate","United States","FALLBACK_TEMPLATE","C","false","Using sector-based fallback template"
"VICI","VICI Properties Inc.","Real Estate","United States","FALLBACK_TEMPLATE","C","false","Using sector-based fallback template"
"CBRE","CBRE Group Inc.","Real Estate","United States","FALLBACK_TEMPLATE","C","false","Using sector-based fallback template"
"AVB","AvalonBay Communities Inc.","Real Estate","United States","FALLBACK_TEMPLATE","C","false","Using sector-based fallback template"
"EQR","Equity Residential","Real Estate","United States","FALLBACK_TEMPLATE","C","false","Using sector-based fallback template"
"VTR","Ventas Inc.","Real Estate","United States","FALLBACK_TEMPLATE","C","false","Using sector-based fallback template"
"EXR","Extra Space Storage Inc.","Real Estate","United States","FALLBACK_TEMPLATE","C","false","Using sector-based fallback template"
"SBAC","SBA Communications Corporation","Real Estate","United States","FALLBACK_TEMPLATE","C","false","Using sector-based fallback template"
"WY","Weyerhaeuser Company","Real Estate","United States","FALLBACK_TEMPLATE","C","false","Using sector-based fallback template"
"INVH","Invitation Homes Inc.","Real Estate","United States","FALLBACK_TEMPLATE","C","false","Using sector-based fallback template"
"ARE","Alexandria Real Estate Equities Inc.","Real Estate","United States","FALLBACK_TEMPLATE","C","false","Using sector-based fallback template"
"MAA","Mid-America Apartment Communities Inc.","Real Estate","United States","FALLBACK_TEMPLATE","C","false","Using sector-based fallback template"
"ESS","Essex Property Trust Inc.","Real Estate","United States","FALLBACK_TEMPLATE","C","false","Using sector-based fallback template"
"DOC","Healthpeak Properties Inc.","Real Estate","United States","FALLBACK_TEMPLATE","C","false","Using sector-based fallback template"
"KIM","Kimco Realty Corporation","Real Estate","United States","FALLBACK_TEMPLATE","C","false","Using sector-based fallback template"
"UDR","UDR Inc.","Real Estate","United States","FALLBACK_TEMPLATE","C","false","Using sector-based fallback template"
"HST","Host Hotels & Resorts Inc.","Real Estate","United States","FALLBACK_TEMPLATE","C","false","Using sector-based fallback template"
"REG","Regency Centers Corporation","Real Estate","United States","FALLBACK_TEMPLATE","C","false","Using sector-based fallback template"
"BXP","Boston Properties Inc.","Real Estate","United States","FALLBACK_TEMPLATE","C","false","Using sector-based fallback template"
"FRT","Federal Realty Investment Trust","Real Estate","United States","FALLBACK_TEMPLATE","C","false","Using sector-based fallback template"
"CPT","Camden Property Trust","Real Estate","United States","FALLBACK_TEMPLATE","C","false","Using sector-based fallback template"
"PEAK","Healthpeak Properties Inc.","Real Estate","United States","FALLBACK_TEMPLATE","C","false","Using sector-based fallback template"
"NEE","NextEra Energy Inc.","Utilities","United States","FALLBACK_TEMPLATE","C","false","Using sector-based fallback template"
"SO","Southern Company","Utilities","United States","FALLBACK_TEMPLATE","C","false","Using sector-based fallback template"
"DUK","Duke Energy Corporation","Utilities","United States","FALLBACK_TEMPLATE","C","false","Using sector-based fallback template"
"AEP","American Electric Power Company Inc.","Utilities","United States","FALLBACK_TEMPLATE","C","false","Using sector-based fallback template"
"SRE","Sempra Energy","Utilities","United States","FALLBACK_TEMPLATE","C","false","Using sector-based fallback template"
"D","Dominion Energy Inc.","Utilities","United States","FALLBACK_TEMPLATE","C","false","Using sector-based fallback template"
"EXC","Exelon Corporation","Utilities","United States","FALLBACK_TEMPLATE","C","false","Using sector-based fallback template"
"PEG","Public Service Enterprise Group Inc.","Utilities","United States","FALLBACK_TEMPLATE","C","false","Using sector-based fallback template"
"XEL","Xcel Energy Inc.","Utilities","United States","FALLBACK_TEMPLATE","C","false","Using sector-based fallback template"
"ED","Consolidated Edison Inc.","Utilities","United States","FALLBACK_TEMPLATE","C","false","Using sector-based fallback template"
"WEC","WEC Energy Group Inc.","Utilities","United States","FALLBACK_TEMPLATE","C","false","Using sector-based fallback template"
"EIX","Edison International","Utilities","United States","FALLBACK_TEMPLATE","C","false","Using sector-based fallback template"
"AWK","American Water Works Company Inc.","Utilities","United States","FALLBACK_TEMPLATE","C","false","Using sector-based fallback template"
"ES","Eversource Energy","Utilities","United States","FALLBACK_TEMPLATE","C","false","Using sector-based fallback template"
"DTE","DTE Energy Company","Utilities","United States","FALLBACK_TEMPLATE","C","false","Using sector-based fallback template"
"AEE","Ameren Corporation","Utilities","United States","FALLBACK_TEMPLATE","C","false","Using sector-based fallback template"
"PPL","PPL Corporation","Utilities","United States","FALLBACK_TEMPLATE","C","false","Using sector-based fallback template"
"FE","FirstEnergy Corp.","Utilities","United States","FALLBACK_TEMPLATE","C","false","Using sector-based fallback template"
"ETR","Entergy Corporation","Utilities","United States","FALLBACK_TEMPLATE","C","false","Using sector-based fallback template"
"CMS","CMS Energy Corporation","Utilities","United States","FALLBACK_TEMPLATE","C","false","Using sector-based fallback template"
"CNP","CenterPoint Energy Inc.","Utilities","United States","FALLBACK_TEMPLATE","C","false","Using sector-based fallback template"
"ATO","Atmos Energy Corporation","Utilities","United States","FALLBACK_TEMPLATE","C","false","Using sector-based fallback template"
"NI","NiSource Inc.","Utilities","United States","FALLBACK_TEMPLATE","C","false","Using sector-based fallback template"
"LNT","Alliant Energy Corporation","Utilities","United States","FALLBACK_TEMPLATE","C","false","Using sector-based fallback template"
"PNW","Pinnacle West Capital Corporation","Utilities","United States","FALLBACK_TEMPLATE","C","false","Using sector-based fallback template"
"AES","AES Corporation","Utilities","United States","FALLBACK_TEMPLATE","C","false","Using sector-based fallback template"
"NRG","NRG Energy Inc.","Utilities","United States","FALLBACK_TEMPLATE","C","false","Using sector-based fallback template"
"PCG","PG&E Corporation","Utilities","United States","FALLBACK_TEMPLATE","C","false","Using sector-based fallback template"
"VST","Vistra Corp.","Utilities","United States","FALLBACK_TEMPLATE","C","false","Using sector-based fallback template"
"CEG","Constellation Energy Corporation","Utilities","United States","FALLBACK_TEMPLATE","C","false","Using sector-based fallback template"
